RPS House Price Index © Copyright 2019 - All Rights Reserved,,,,,,,,,,,,,,,,,,,,,,,,,,,,,,,,,,,,,,,
Date,Calgary_AB_Index,Calgary_AB_Value,Calgary_AB_YoY,Edmonton_AB_Index,Edmonton_AB_Value,Edmonton_AB_YoY,Halifax_NS_Index,Halifax_NS_Value,Halifax_NS_YoY,Hamilton_ON_Index,Hamilton_ON_Value,Hamilton_ON_YoY,Montreal_QC_Index,Montreal_QC_Value,Montreal_QC_YoY,Ottawa_Gatineau_ON_Index,Ottawa_Gatineau_ON_Value,Ottawa_Gatineau_ON_YoY,Québec_QC_Index,Québec_QC_Value,Québec_QC_YoY,Regina_SK_Index,Regina_SK_Value,Regina_SK_YoY,Saskatoon_SK_Index,Saskatoon_SK_Value,Saskatoon_SK_YoY,Toronto_ON_Index,Toronto_ON_Value,Toronto_ON_YoY,Vancouver_BC_Index,Vancouver_BC_Value,Vancouver_BC_YoY,Victoria_BC_Index,Victoria_BC_Value,Victoria_BC_YoY,Winnipeg_MB_Index,Winnipeg_MB_Value,Winnipeg_MB_YoY
200501,100,259530,0,100,210400,0,100,198220,0,100,212090,0,100,229060,0,100,253020,0,100,163670,0,100,136500,0,100,166160,0,100,340440,0,100,403920,0,100,372010,0,100,141510,0
200502,101,262130,0,101,212570,0,101.1,200450,0,101.3,214910,0,100.5,230250,0,100.4,254010,0,100.3,164160,0,100.8,137660,0,100.8,167520,0,100.7,342960,0,100.8,407190,0,101.2,376540,0,100.9,142740,0
200503,102,264760,0,102.1,214850,0,101.9,201940,0,102.6,217660,0,100.9,231130,0,100.8,254960,0,100.8,164970,0,101.6,138740,0,101.6,168840,0,101.6,345720,0,102.1,412410,0,102.6,381770,0,102,144370,0
200504,103.3,268150,0,103.1,216960,0,102.6,203290,0,103.8,220090,0,101.4,232210,0,101.2,256050,0,101.7,166510,0,102.3,139670,0,102.3,169900,0,102.4,348670,0,103.8,419350,0,104.4,388230,0,103.6,146550,0
200505,104.6,271460,0,104.2,219210,0,103.3,204670,0,104.7,222030,0,101.8,233190,0,101.8,257610,0,102.7,168040,0,103.1,140770,0,103.1,171240,0,103.3,351770,0,105.8,427350,0,106.5,396030,0,105.2,148840,0
200506,105.8,274560,0,105.3,221530,0,103.9,205980,0,105.7,224140,0,102.1,233970,0,102.5,259310,0,103.2,168980,0,104.2,142260,0,103.6,172170,0,104.2,354820,0,107.8,435610,0,108.4,403350,0,106.4,150580,0
200507,106.8,277090,0,106.3,223660,0,104.3,206820,0,106.3,225540,0,102.4,234550,0,103,260620,0,103.5,169330,0,105.1,143450,0,104.2,173210,0,104.9,357150,0,109.8,443410,0,110.3,410510,0,107.2,151680,0
200508,107.8,279690,0,107.2,225600,0,104.8,207660,0,106.7,226230,0,102.6,235080,0,103.4,261590,0,103.4,169240,0,105.9,144490,0,104.7,174030,0,105.3,358480,0,111.4,450090,0,111.9,416330,0,107.6,152260,0
200509,109,282840,0,108.1,227440,0,104.8,207800,0,106.7,226240,0,102.8,235560,0,103.6,262140,0,103.4,169250,0,106.3,145060,0,105.5,175370,0,105.5,359280,0,112.9,456210,0,113.4,421910,0,107.8,152580,0
200510,110.4,286590,0,109.1,229530,0,104.7,207490,0,106.8,226410,0,103.1,236170,0,103.8,262540,0,103.6,169520,0,106.8,145840,0,106.4,176770,0,105.8,360100,0,114.4,462070,0,114.9,427420,0,108.2,153050,0
200511,112.2,291260,0,110.3,232040,0,104.3,206680,0,106.8,226500,0,103.4,236760,0,104,263180,0,104,170210,0,107.2,146390,0,107.5,178560,0,106.1,361240,0,115.8,467600,0,116.3,432490,0,108.7,153780,0
200512,114.5,297170,0,111.8,235130,0,104.1,206310,0,106.9,226790,0,103.7,237530,0,104.3,263790,0,104.7,171390,0,107.9,147260,0,108.7,180660,0,106.4,362380,0,116.9,472290,0,117.3,436460,0,109.4,154750,0
200601,117.5,304840,0.174605,113.4,238700,0.134496,104.3,206640,0.042521,107.3,227490,0.072591,104,238320,0.040391,104.6,264600,0.045779,105.6,172860,0.05613,108.4,148020,0.084377,109.8,182510,0.098388,106.8,363580,0.067973,118,476540,0.17979,118.2,439720,0.182004,110.4,156250,0.10419
200602,121.4,315000,0.201709,115.5,243100,0.143598,104.8,207740,0.036387,107.8,228690,0.064101,104.3,238860,0.037414,104.7,265000,0.04327,106.4,174140,0.060826,109.4,149270,0.084333,110.9,184320,0.100325,107.2,365070,0.064462,119.2,481520,0.182557,119.1,442920,0.176296,111.8,158150,0.10796
200603,126.1,327320,0.23628,118.4,249100,0.159425,105.6,209230,0.036085,108.3,229800,0.055797,104.5,239370,0.035669,105,265660,0.041968,107.2,175520,0.063891,110.1,150260,0.082975,111.9,185890,0.100962,107.8,367080,0.06179,120.8,487780,0.18276,120.1,446650,0.169963,113.5,160660,0.112861
200604,131.4,341100,0.272061,121.8,256240,0.181055,106.3,210660,0.036271,108.9,230860,0.048978,105,240470,0.035588,105.5,266830,0.042103,108.1,177000,0.062985,110.9,151330,0.083474,112.9,187630,0.104393,108.5,369430,0.059532,122.6,495350,0.181243,121,450190,0.159588,115.2,163000,0.112269
200605,136.9,355210,0.308511,125.7,264480,0.2065,107.1,212210,0.036848,109.5,232170,0.045672,105.6,241900,0.037351,106.1,268530,0.042387,109,178410,0.061711,111.9,152710,0.084839,114.5,190210,0.110763,109.3,371950,0.057367,124.7,503680,0.178619,122,453930,0.146183,116.7,165170,0.10971
200606,142.2,368950,0.343823,130.1,273810,0.236004,107.9,213880,0.038324,110.3,233990,0.043944,106.2,243310,0.039956,106.9,270530,0.043266,109.6,179380,0.061583,112.9,154160,0.083656,116.6,193680,0.124938,110,374450,0.055335,126.7,511820,0.174933,123.2,458320,0.136285,118,166970,0.108813
200607,147.1,381700,0.377534,134.9,283870,0.269236,108.4,214960,0.03938,111.2,235850,0.04568,106.8,244580,0.042759,107.6,272130,0.044176,110,180000,0.063028,113.7,155200,0.081903,118.8,197360,0.139477,110.6,376560,0.054346,128.5,519060,0.170602,124.5,463100,0.128103,119,168430,0.110393
200608,151.2,392350,0.40281,139.9,294450,0.305213,108.8,215660,0.038507,111.9,237230,0.048629,107.2,245550,0.044525,108,273150,0.044179,110.4,180620,0.067232,114.3,155970,0.079482,120.9,200960,0.154754,111.1,378120,0.054772,130,525060,0.16657,125.5,466830,0.121288,119.5,169040,0.110209
200609,154.6,401210,0.418505,145.1,305310,0.342333,109.2,216450,0.041631,112.3,238190,0.052806,107.6,246370,0.045873,108.1,273600,0.043699,110.5,180890,0.068787,115,156920,0.081727,122.8,204050,0.163532,111.4,379240,0.055546,131.2,529920,0.161576,126.1,469080,0.111783,119.7,169410,0.110319
200610,157.1,407820,0.422992,150.2,315990,0.376642,109.8,217560,0.048532,112.6,238750,0.054495,107.8,246950,0.045654,108.3,273940,0.043393,110.9,181560,0.071011,115.8,158120,0.084157,124.8,207340,0.172979,111.7,380280,0.056042,132.3,534280,0.156274,126.5,470670,0.101211,119.9,169590,0.108104
200611,159,412540,0.416419,154.8,325780,0.403987,110.4,218770,0.058475,112.7,239130,0.055762,108.2,247800,0.04662,108.4,274240,0.04202,111.4,182310,0.071128,117,159650,0.090558,127,211070,0.182069,112.1,381490,0.05606,133,537140,0.148703,127,472620,0.092779,120.3,170300,0.107431
200612,160.2,415890,0.399482,159.1,334770,0.423788,110.7,219380,0.063384,112.7,239100,0.054262,108.8,249230,0.049238,108.7,274970,0.042366,112.3,183840,0.072668,118.4,161630,0.097582,129.8,215620,0.193508,112.4,382550,0.055672,133.4,538690,0.140595,127.9,475740,0.090001,121.2,171540,0.108483
200701,161.4,418990,0.374456,163.2,343410,0.438656,110.8,219590,0.062668,112.7,238970,0.050448,109.5,250940,0.052959,109.1,275930,0.042809,113.1,185100,0.070807,120.8,164900,0.114033,133,221070,0.211299,112.6,383490,0.054763,133.6,539820,0.132789,128.9,479530,0.090531,122.5,173380,0.109664
200702,163.1,423310,0.343835,167.2,351820,0.447237,110.8,219680,0.057472,112.9,239460,0.04709,110.2,252430,0.056829,109.5,277160,0.045908,114.3,187010,0.073872,124,169280,0.134044,137.1,227870,0.236263,112.9,384490,0.053191,134.2,542200,0.126015,130.1,484130,0.093056,124.1,175680,0.110814
200703,165.6,429750,0.312931,171.6,361070,0.449492,111.1,220130,0.052106,113.6,240960,0.04857,110.9,254070,0.061393,110.2,278770,0.049361,115.6,189150,0.077659,128,174770,0.163182,142.4,236570,0.272642,113.4,386220,0.052131,135.4,546820,0.121036,131.4,488730,0.094196,126.1,178440,0.110668
200704,168.6,437670,0.283111,176.2,370790,0.447063,111.8,221570,0.051758,114.5,242800,0.051695,111.7,255940,0.064325,111,280880,0.052644,117.3,192070,0.085118,133.4,182160,0.203788,148.2,246240,0.312361,114.1,388610,0.05191,137,553230,0.116838,132.5,492740,0.094512,128,181130,0.111222
200705,171.8,445740,0.254867,181,380730,0.439527,112.9,223780,0.054487,115.2,244410,0.052692,112.7,258150,0.067152,112,283310,0.055047,119.3,195190,0.094046,139.9,190910,0.250149,154.8,257240,0.352386,115.1,391680,0.053035,139,561340,0.114474,133.6,497000,0.094895,129.9,183810,0.112828
200706,174.5,452870,0.22745,185.3,389840,0.423749,114.3,226590,0.059438,116,246110,0.051799,113.6,260240,0.069581,112.8,285460,0.055188,120.8,197750,0.102387,146.7,200260,0.299002,161.5,268290,0.385266,116,394810,0.054377,141.1,570080,0.113841,134.7,501200,0.093566,131.5,186100,0.114581
200707,176.6,458350,0.200806,188.7,397030,0.398609,115.6,229190,0.066186,116.5,247180,0.048055,114.5,262200,0.072008,113.5,287120,0.055068,122.1,199870,0.110354,153.3,209230,0.348066,168,279140,0.414353,116.8,397510,0.055635,143.2,578290,0.114122,135.9,505490,0.091542,132.8,187900,0.115635
200708,178.1,462120,0.177811,190.5,400890,0.361495,116.9,231670,0.074255,116.8,247770,0.044449,115.3,264050,0.075376,113.8,288040,0.054532,123.2,201580,0.116052,159,216980,0.391117,173.4,288060,0.433384,117.3,399480,0.056498,144.8,584820,0.113811,137,509700,0.091847,133.6,189060,0.118475
200709,178.8,463940,0.156347,190.9,401740,0.315847,117.8,233550,0.078976,116.9,247940,0.040931,116.1,265910,0.079339,114.1,288680,0.055111,124.1,203070,0.12258,163.7,223410,0.423758,177.9,295550,0.448468,117.9,401230,0.057993,146.1,590140,0.113627,138.1,513890,0.095529,134.2,189910,0.120999
200710,178.9,464200,0.138257,189.9,399630,0.264701,118.6,235180,0.08095,117.2,248490,0.040808,116.9,267820,0.084532,114.4,289460,0.056679,125.1,204680,0.127363,167.5,228580,0.44563,181.5,301600,0.454614,118.5,403270,0.060445,147.3,594920,0.113481,139.5,518940,0.102542,135,191020,0.126319
200711,178.4,463020,0.122343,187.9,395310,0.213397,119.3,236460,0.080854,117.3,248700,0.040003,117.8,269890,0.089145,115,290850,0.06056,126.1,206460,0.132455,170.8,233180,0.460636,184.7,306860,0.453816,119.2,405910,0.064028,148.4,599600,0.116289,140.8,523920,0.108553,136.1,192520,0.130514
200712,177.8,461430,0.109506,185.2,389620,0.163851,119.7,237250,0.081431,117.3,248740,0.040295,118.6,271690,0.090128,115.6,292490,0.063736,127.6,208920,0.136413,174.5,238230,0.473957,187.2,311040,0.442509,120,408440,0.067659,149.5,603680,0.120645,142.4,529590,0.113188,137.3,194310,0.13276
200801,177.2,459940,0.09774,182.3,383630,0.117139,119.5,236920,0.078899,117.3,248870,0.041461,119.3,273190,0.088676,116.2,294100,0.065856,128.8,210770,0.138699,179,244380,0.481982,189.4,314720,0.423627,120.6,410640,0.07079,150.4,607310,0.125028,143.9,535350,0.116399,138.7,196240,0.131831
200802,176.8,458740,0.083702,179.9,378520,0.075914,119.2,236360,0.075952,117.8,249820,0.043256,119.6,274010,0.085458,116.8,295630,0.066632,129.3,211620,0.131591,184.4,251770,0.487314,192,318960,0.399733,121.1,412410,0.072637,151.2,610790,0.126486,145.6,541790,0.119098,140.7,199150,0.133613
200803,176.5,458130,0.066043,178.3,375100,0.038862,119.4,236730,0.075419,118.3,250910,0.04127,120,274920,0.082086,117.5,297330,0.066587,129.5,211920,0.120423,190.6,260160,0.488521,195.1,324210,0.370436,121.6,414060,0.072079,152.2,614780,0.124277,146.8,546270,0.117751,143.1,202550,0.135089
200804,176.5,458060,0.04658,177.4,373260,0.006639,120.1,238080,0.074538,119.1,252610,0.040395,120.5,275990,0.078338,118.3,299310,0.065611,130,212810,0.108014,196.5,268210,0.472377,198.8,330370,0.341625,122,415450,0.069084,153.1,618450,0.117882,147.3,547900,0.111948,145.7,206110,0.137933
200805,176.5,458140,0.027815,176.9,372200,-0.022386,121,239860,0.071868,119.9,254380,0.040796,121.1,277360,0.074433,119.5,302250,0.066881,130.6,213720,0.09495,201.6,275240,0.441749,202.1,335890,0.305742,122.4,416790,0.064114,153.8,621240,0.106715,147.7,549360,0.105339,147.8,209200,0.138173
200806,176.3,457660,0.010562,176.2,370680,-0.049143,121.9,241670,0.066525,120.6,255690,0.038917,121.8,279060,0.072305,120.5,304980,0.068385,131.1,214520,0.084802,204.6,279330,0.394852,204.6,339940,0.267065,122.6,417510,0.057486,154.2,622940,0.092726,148.3,551670,0.100682,149.3,211260,0.135201
200807,175.7,455980,-0.005175,175.3,368740,-0.071237,122.4,242690,0.058915,120.8,256200,0.03649,122.7,280980,0.071647,121.4,307200,0.069959,131.7,215630,0.078893,205.9,281040,0.343247,205.6,341680,0.224032,122.6,417540,0.050384,154,622020,0.075612,148.5,552290,0.092579,149.7,211830,0.127306
200808,174.3,452460,-0.020891,174.1,366200,-0.086529,122.7,243210,0.049783,120.8,256140,0.033758,123.5,282920,0.071454,121.9,308540,0.071154,132.7,217120,0.077094,205.9,281000,0.295062,205.2,340980,0.183732,122.4,416830,0.043435,153.2,618610,0.05778,148,550760,0.080558,149.3,211270,0.117441
200809,172.2,446990,-0.036544,172.7,363350,-0.095548,122.6,242980,0.040387,120.5,255500,0.030515,124.2,284560,0.070139,122.3,309450,0.071958,133.8,218980,0.078345,204.8,279500,0.251053,203.1,337480,0.141869,122.1,415670,0.03599,151.6,612140,0.037281,146.9,546670,0.063793,148.3,209800,0.104711
200810,169.9,440970,-0.050036,171,359790,-0.099684,122.6,243050,0.033494,119.7,253900,0.02176,124.7,285710,0.066774,122.5,309990,0.070905,134.6,220230,0.07596,203,277130,0.212397,200.5,333180,0.104707,121.7,414160,0.027009,149.7,604510,0.016123,145.7,541990,0.044425,147,208070,0.089254
200811,167.7,435160,-0.060153,169.3,356170,-0.099012,122.9,243610,0.030254,118.8,252060,0.013524,125.1,286630,0.062026,122.7,310400,0.067213,135.1,221140,0.071109,201.1,274540,0.177354,198,328930,0.071903,121.2,412550,0.016363,147.7,596490,-0.005186,144.2,536510,0.02404,145.9,206510,0.072664
200812,165.6,429780,-0.068585,167.5,352520,-0.095232,123.5,244820,0.031918,118.2,250620,0.007589,125.4,287270,0.057335,122.7,310460,0.061447,135.7,222090,0.063033,199.4,272230,0.142707,195.3,324470,0.043172,120.6,410600,0.005304,145.7,588410,-0.025294,142.8,531380,0.003378,145,205140,0.055706
200901,163.5,424230,-0.07765,166,349260,-0.089603,123.9,245620,0.036715,117.7,249580,0.002837,125.7,287890,0.05383,122.6,310310,0.05513,136.4,223280,0.059357,197.8,270030,0.104945,192.3,319450,0.015033,119.9,408210,-0.0059,143.6,579990,-0.04499,141.3,525500,-0.018396,144.4,204270,0.040931
200902,161.4,418790,-0.087088,164.6,346300,-0.085139,124.1,245940,0.040493,117.7,249560,-0.00104,125.8,288180,0.051718,122.2,309230,0.045989,137.3,224680,0.061747,195.7,267090,0.060854,189.6,315070,-0.012211,119.2,405730,-0.016202,141.5,571660,-0.064064,139.6,519260,-0.041584,144.3,204190,0.025299
200903,159.4,413640,-0.09711,163.3,343690,-0.08375,123.8,245300,0.0362,118,250170,-0.002946,125.7,288010,0.047624,122.1,308880,0.038838,138.2,226140,0.067079,193.9,264620,0.017147,187.8,312050,-0.037483,118.6,403810,-0.024748,140,565450,-0.080246,138.7,516050,-0.05532,145.5,205960,0.016841
200904,158,409920,-0.10508,162.6,342090,-0.083485,123.7,245110,0.029503,118.2,250770,-0.007273,125.7,287900,0.04315,122.4,309720,0.034768,139.1,227640,0.069673,192.6,262920,-0.019752,186.9,310490,-0.060153,118.4,403210,-0.029478,139.3,562500,-0.090459,138.8,516350,-0.057586,147.9,209270,0.015305
200905,157.4,408430,-0.108515,162.5,341890,-0.081455,124,245840,0.02495,118.8,251990,-0.009389,125.9,288490,0.04012,123.3,312080,0.032514,140.1,229260,0.072724,192.6,262940,-0.044705,186.8,310380,-0.075945,118.9,404660,-0.029091,139.6,563900,-0.092294,139.7,519690,-0.053993,150.5,212950,0.017919
200906,157.7,409390,-0.10547,163,342850,-0.075081,124.8,247400,0.023727,119.6,253710,-0.00771,126.5,289760,0.038354,124.5,314970,0.03274,141,230750,0.07566,193.5,264150,-0.05433,187.3,311260,-0.084375,119.8,407990,-0.022809,140.7,568110,-0.088017,140.8,523890,-0.050347,152.9,216300,0.023871
200907,158.8,412150,-0.096132,163.7,344450,-0.065882,125.6,248890,0.025549,120.8,256150,-0.000197,127.2,291270,0.036611,125.5,317560,0.033719,141.9,232210,0.076864,194.3,265170,-0.056466,188.2,312760,-0.084635,121.1,412230,-0.012725,142.2,574210,-0.076864,142.3,529210,-0.041777,154.3,218330,0.030726
200908,160,415140,-0.082488,164.6,346370,-0.054154,126,249710,0.026743,121.8,258260,0.008265,127.9,292880,0.035195,126.6,320240,0.037924,142.6,233470,0.075313,194.8,265910,-0.053695,189.1,314160,-0.078666,122.4,416720,-0.000262,144,581790,-0.059515,143.6,534270,-0.02995,155.2,219640,0.03965
200909,160.9,417600,-0.06574,165.8,348740,-0.040206,126,249800,0.028072,122.6,260120,0.018085,128.7,294690,0.035598,127.6,322870,0.043354,143.3,234550,0.071102,195,266210,-0.047538,190.2,316120,-0.063317,123.8,421300,0.013545,146.2,590590,-0.035196,145,539440,-0.013218,155.8,220500,0.051028
200910,161.7,419660,-0.048325,167,351410,-0.0233,126.3,250280,0.02973,123.3,261440,0.029682,129.7,297000,0.039528,128.8,325920,0.051386,143.8,235440,0.069042,195.7,267190,-0.035856,191.7,318470,-0.044158,125.2,426360,0.029461,148.7,600650,-0.006378,146.4,544650,0.004904,156.3,221170,0.062961
200911,162.4,421540,-0.031302,168.2,353940,-0.006248,126.8,251380,0.031889,123.7,262380,0.040917,130.6,299190,0.043852,130.1,329230,0.060657,144.5,236540,0.069599,196.5,268270,-0.022843,193.5,321530,-0.022489,126.9,431900,0.046892,151.1,610270,0.023098,147.9,550190,0.025488,156.8,221820,0.074114
200912,162.9,422740,-0.016387,169.2,356090,0.010121,127.8,253240,0.034411,123.9,262810,0.048622,131.5,301110,0.048178,131.3,332180,0.06995,145.4,238030,0.071801,197.5,269650,-0.009486,195.4,324680,0.000655,128.5,437360,0.065174,152.9,617690,0.04976,149.6,556680,0.047608,157.4,222790,0.086051
201001,163.1,423180,-0.002461,170.2,358090,0.025292,129.1,255990,0.042215,124.2,263450,0.055569,132.2,302900,0.052123,132.4,334930,0.079339,146.2,239340,0.071926,198.8,271320,0.004796,196.8,327030,0.023729,129.9,442340,0.083614,154.4,623450,0.074938,151,561850,0.069175,158.4,224130,0.097224
201002,163,423070,0.010231,171.1,359940,0.039384,130.7,259010,0.053149,124.8,264690,0.060639,133,304750,0.057524,133.2,336910,0.089528,146.7,240140,0.068802,200.3,273400,0.023592,198.2,329300,0.045184,131.3,446940,0.101572,155.5,628010,0.098577,152.1,565890,0.089796,159.9,226260,0.108098
201003,163.2,423580,0.024026,172.3,362430,0.054542,132.6,262740,0.071088,126.1,267550,0.069473,133.7,306360,0.063695,133.9,338840,0.096989,147.6,241530,0.06805,202.4,276340,0.044321,199.1,330890,0.060363,132.6,451250,0.117491,156.6,632700,0.118938,152.7,567900,0.100458,161.7,228830,0.111056
201004,163.8,425110,0.037037,173.5,365080,0.067178,133.7,265000,0.081187,128,271380,0.082194,134.5,308190,0.070482,134.8,341080,0.101256,148.8,243530,0.069809,205,279890,0.064549,200.2,332710,0.071543,133.8,455360,0.12936,157.5,636280,0.131168,153.1,569680,0.103283,163.7,231640,0.106887
201005,164.5,427040,0.045572,174.5,367190,0.074002,134.7,266920,0.085716,129.8,275270,0.092384,135.4,310170,0.075135,135.8,343540,0.100804,150.3,245950,0.072767,207.6,283380,0.077743,201.1,334130,0.076538,134.9,459250,0.134879,158.2,638840,0.132885,153.5,571040,0.098795,165.6,234380,0.100627
201006,165.3,429030,0.047986,175.1,368460,0.074705,135.4,268420,0.084949,131.4,278650,0.09829,136.4,312510,0.078511,136.7,345790,0.097838,151.9,248620,0.077437,209.6,286170,0.083325,202,335710,0.078558,135.8,462420,0.133434,158.6,640780,0.127908,153.8,572090,0.092005,167,236270,0.092315
201007,165.6,429850,0.042965,175.1,368510,0.06986,136.2,269970,0.084686,132.4,280890,0.096609,137.5,314870,0.081041,137.4,347600,0.094598,153.5,251310,0.082261,210.7,287560,0.084429,202.9,337190,0.078114,136.5,464750,0.127426,158.9,642010,0.118074,153.5,571080,0.079109,167.7,237350,0.08707
201008,165.5,429500,0.034595,174.8,367750,0.061726,136.4,270360,0.082705,133.3,282620,0.094332,138.5,317150,0.082869,137.8,348770,0.089089,155.3,254140,0.088523,210.6,287520,0.081246,203.4,338010,0.075929,136.8,465720,0.117582,159.2,643110,0.105404,152.8,568270,0.063645,168,237710,0.08226
201009,164.9,427970,0.024836,174.1,366240,0.050184,135.9,269440,0.078609,133.5,283130,0.08844,139.3,319190,0.083127,138.3,350020,0.084114,156.9,256840,0.095058,209.7,286200,0.075097,203.9,338800,0.071753,136.8,465750,0.105511,159.5,644340,0.091001,151.6,564030,0.045584,168.4,238230,0.080378
201010,164.3,426440,0.016139,173.4,364890,0.038371,135,267660,0.069431,133.9,283940,0.086093,140.2,321060,0.081004,138.7,350940,0.076783,158.7,259820,0.103568,208.4,284480,0.064703,204.1,339190,0.065047,136.8,465860,0.092647,159.8,645540,0.074734,150.5,559990,0.028162,168.9,239020,0.080719
201011,163.9,425320,0.008957,173,364030,0.028505,134.4,266370,0.059653,133.8,283830,0.081771,140.8,322540,0.078013,139.2,352220,0.069844,160.5,262640,0.110373,207.7,283590,0.0571,204.6,339890,0.057087,137,466440,0.079968,160.4,647830,0.061554,149.5,556040,0.010626,169.9,240360,0.083598
201012,163.8,425060,0.005485,172.8,363660,0.021281,134.2,266080,0.050672,134.1,284430,0.082264,141.3,323750,0.075197,139.9,353910,0.065402,161.6,264540,0.111338,207.6,283390,0.050963,204.3,339490,0.045616,137.4,467710,0.069377,161.3,651550,0.054816,148.7,553210,-0.006222,171,241970,0.086109
201101,163.9,425270,0.004938,172.7,363260,0.014445,134.5,266630,0.041564,134.2,284570,0.080169,141.9,324970,0.072866,140.7,356040,0.063013,162.7,266220,0.112283,207.8,283720,0.045675,204,338900,0.036291,137.8,469210,0.060723,163,658240,0.055798,148.4,551940,-0.017631,172.3,243770,0.087594
201102,164.3,426360,0.00778,172.6,363130,0.008875,134.9,267420,0.032473,134.2,284640,0.075361,142.4,326280,0.070643,141.7,358620,0.064428,163.2,267190,0.112621,208.6,284750,0.041549,203.6,338250,0.027176,138.6,471730,0.055467,165.2,667440,0.06279,148.6,552950,-0.02287,173.4,245320,0.084243
201103,164.7,427430,0.009105,172.6,363240,0.002214,136,269610,0.026149,134,284130,0.061967,143,327470,0.068896,142.8,361340,0.06639,164.1,268510,0.111707,210.8,287780,0.041395,203.2,337670,0.020501,139.7,475490,0.053713,168.1,679070,0.073297,149,554440,-0.023693,174.9,247480,0.08149
201104,165.3,428980,0.009114,172.7,363340,-0.00475,137.1,271690,0.025219,133.9,284040,0.046635,143.6,328840,0.067009,143.9,363980,0.067141,164.9,269870,0.108155,214.1,292290,0.044334,203.6,338280,0.016756,141,479870,0.053818,171.1,690910,0.085851,149.3,555280,-0.025271,176.6,249930,0.078972
201105,166,430790,0.008771,172.9,363720,-0.009447,138.2,273910,0.026197,134.7,285720,0.037944,144.2,330380,0.06516,145,366880,0.067929,165.7,271190,0.102629,217.1,296380,0.045871,204.1,339070,0.014778,142.4,484800,0.055645,173.9,702350,0.099418,149.8,557140,-0.024332,178.3,252240,0.076216
201106,166.9,433180,0.009658,173.3,364520,-0.010696,139.3,276030,0.028372,135.7,287910,0.033231,145,332200,0.063004,146,369420,0.068345,166.5,272560,0.096306,219,299000,0.044853,204.3,339470,0.011192,143.8,489490,0.058531,176.3,711920,0.111019,150.5,560020,-0.021106,179.4,253910,0.074633
201107,167.6,434960,0.01187,173.8,365580,-0.00797,140.4,278220,0.030544,136.8,290060,0.032618,145.8,334040,0.06088,147,371850,0.06976,167.3,273800,0.089508,219.9,300160,0.043819,204.3,339460,0.006719,145,493720,0.062317,178,718920,0.119797,151.3,562950,-0.01423,180.2,254930,0.074106
201108,167.9,435730,0.014494,174.1,366350,-0.003821,141,279440,0.03356,137.2,291010,0.029678,146.5,335500,0.057861,147.7,373670,0.071384,167.9,274730,0.081025,220,300270,0.044354,204.4,339560,0.00458,145.9,496550,0.066196,179,722950,0.124146,151.4,563220,-0.008886,180.7,255720,0.075779
201109,167.7,435130,0.016729,174.3,366700,0.001236,141.1,279770,0.038366,137.5,291550,0.02976,147.1,336900,0.055494,148.1,374640,0.070336,168.2,275290,0.071823,219.5,299680,0.047081,204.8,340290,0.004405,146.4,498530,0.070372,179.4,724790,0.124868,150.9,561390,-0.004697,181.1,256220,0.075514
201110,167,433480,0.016524,174.1,366270,0.003777,141,279500,0.044253,137.7,292000,0.02838,147.6,338070,0.052992,148.2,374860,0.068153,168.4,275690,0.0611,219.1,299130,0.051491,205.5,341450,0.006665,146.9,499960,0.073198,179.3,724190,0.121833,150.1,558410,-0.002814,181.5,256800,0.074383
201111,166.4,431890,0.01546,173.7,365550,0.00418,140.9,279380,0.048834,138.1,292920,0.032021,148,339120,0.051406,148,374500,0.063268,168.5,275820,0.050183,219.2,299170,0.054933,206.2,342680,0.008226,147.3,501620,0.075428,178.7,721800,0.114172,149.3,555240,-0.001425,181.8,257280,0.070383
201112,165.8,430180,0.012052,173.4,364870,0.003329,140.9,279230,0.049436,138.8,294290,0.034684,148.2,339470,0.048542,147.9,374320,0.057679,168.7,276090,0.043692,219.9,300110,0.058993,206.2,342640,0.009272,147.8,503180,0.075854,178,718930,0.103404,148.5,552410,-0.001447,182.4,258100,0.066642
201201,165.6,429760,0.010548,173.2,364500,0.003407,140.8,279140,0.046943,139.4,295760,0.039325,148.1,339350,0.044235,147.9,374240,0.051134,168.8,276250,0.037687,221.5,302390,0.065809,206.1,342530,0.010712,148.3,504910,0.076094,177.5,716940,0.089189,148,550730,-0.002208,183.3,259390,0.064088
201202,165.8,430390,0.009442,173.5,364960,0.005036,140.9,279320,0.044519,140.2,297290,0.044436,148.1,339200,0.0396,148.2,374850,0.045269,168.7,276050,0.033183,224,305750,0.073714,206.6,343310,0.014943,149.1,507480,0.075768,177.3,715960,0.072697,147.9,550090,-0.005171,184.5,261130,0.064448
201203,166.8,432930,0.012866,174.1,366370,0.008623,141.5,280530,0.040503,140.8,298560,0.050783,148.2,339410,0.036484,148.5,375630,0.039572,168.5,275760,0.026992,227,309930,0.07696,208.3,346130,0.025035,150.3,511550,0.075847,177.3,716200,0.05467,147.6,549020,-0.00978,186.2,263550,0.064936
201204,168.1,436220,0.01687,175.1,368450,0.014056,142.8,282960,0.041486,141.4,299980,0.056118,148.6,340290,0.034807,148.9,376760,0.035112,168.4,275640,0.021372,230,313900,0.073913,210.3,349390,0.032818,151.7,516480,0.07628,177.7,717750,0.038843,147.4,548210,-0.012726,188.1,266110,0.064745
201205,169.4,439570,0.020402,176.3,370960,0.019907,144.4,286260,0.045097,142.4,302000,0.057009,149.2,341650,0.034122,149.5,378270,0.031047,168.8,276230,0.018613,232.8,317820,0.072343,212.3,352720,0.040258,153.2,521650,0.076019,178.1,719340,0.024195,147.8,549750,-0.013269,189.9,268680,0.065143
201206,170.6,442710,0.022006,177.5,373440,0.024461,146.1,289680,0.049433,143.5,304440,0.057409,149.8,343100,0.032812,150.1,379830,0.02817,169.3,277100,0.016664,235.9,321960,0.076786,214.2,355910,0.048425,154.5,525970,0.074519,178.3,720300,0.011771,148.4,552150,-0.014051,191.4,270800,0.066537
201207,171.6,445440,0.024102,178.5,375550,0.027284,147.3,292050,0.04973,144.8,307040,0.058543,150.3,344240,0.03054,150.6,380990,0.02457,169.8,277990,0.015281,238.7,325830,0.085536,216.1,359000,0.057561,155.4,529170,0.071811,178.2,719660,0.001029,148.9,554110,-0.015715,192.3,272150,0.06754
201208,172.5,447580,0.027189,179,376700,0.028252,147.7,292720,0.047544,145.9,309400,0.063218,150.6,345060,0.028494,150.6,381120,0.019947,169.9,278030,0.012013,240.8,328670,0.094587,217.2,360960,0.063034,155.9,530700,0.068784,177.5,717060,-0.008151,148.8,553720,-0.016872,192.6,272500,0.065602
201209,173,448900,0.031639,179.2,377090,0.028348,147.5,292320,0.044835,146.8,311380,0.068009,150.8,345480,0.025441,150.4,380660,0.016053,169.5,277470,0.00791,241.6,329790,0.100484,217.8,361950,0.06364,155.9,530900,0.064949,176.5,713110,-0.016122,148.3,551530,-0.017555,192.5,272380,0.063093
201210,173.2,449570,0.037107,179.1,376900,0.029019,146.8,291020,0.041217,147.3,312370,0.069756,150.8,345510,0.021998,150.2,379920,0.013505,168.9,276520,0.003013,241.6,329820,0.10261,217.8,361810,0.059644,155.7,530150,0.060382,175.3,708120,-0.022188,147.2,547500,-0.019543,192.4,272200,0.059988
201211,173.8,450950,0.044113,179.2,376970,0.03124,146.3,289920,0.037725,147.6,313010,0.068586,150.8,345420,0.018598,149.9,379340,0.012902,168.8,276330,0.001823,241.6,329840,0.102518,217.9,362050,0.056506,155.5,529540,0.055668,174.3,703840,-0.024876,146,543120,-0.02184,192.4,272190,0.05797
201212,174.4,452500,0.051878,179.4,377370,0.034243,146,289420,0.036503,147.9,313620,0.065668,150.8,345520,0.017826,149.6,378540,0.011265,168.8,276280,0.00066,242.3,330680,0.101878,218.5,363010,0.05946,155.4,529030,0.051374,173.5,700880,-0.025099,144.9,539200,-0.023927,192.4,272300,0.055011
201301,175,454110,0.056677,179.7,378020,0.037095,146.5,290320,0.040042,148.3,314610,0.063738,150.8,345440,0.017951,149.4,377940,0.009891,169.1,276790,0.001947,243,331770,0.097161,219.7,365100,0.065888,155.4,529080,0.047863,173.2,699500,-0.024329,144.2,536510,-0.02581,192.9,272990,0.052441
201302,175.5,455560,0.058494,180,378710,0.037664,147.3,291950,0.045192,148.7,315300,0.060597,150.6,344930,0.016873,149.2,377620,0.007378,169.4,277330,0.00462,243.9,332880,0.088764,220.4,366260,0.06685,155.6,529850,0.044097,172.6,697260,-0.026121,143.3,532910,-0.031222,193.4,273740,0.048284
201303,176.4,457720,0.057251,180.5,379870,0.036859,148.1,293580,0.046522,149.1,316160,0.058955,150.2,344130,0.013902,149.3,377870,0.005949,169.9,278050,0.008337,244.8,334180,0.078252,220.4,366220,0.058061,156.5,532770,0.041467,172.6,697140,-0.026617,142.6,530540,-0.03365,193.9,274350,0.040972
201304,177.3,460080,0.05471,181.1,381070,0.034244,148.5,294420,0.040493,149.5,317060,0.056931,150.1,343830,0.010398,149.7,378760,0.005327,170.5,279040,0.012341,245.5,335090,0.067522,220,365510,0.046138,157.8,537130,0.039998,173.2,699540,-0.025363,142.5,529950,-0.033305,194.6,275370,0.034815
201305,177.9,461620,0.05015,181.8,382450,0.03098,148.8,295040,0.030663,150.3,318780,0.055538,150.3,344230,0.007551,150.1,379690,0.003768,171.5,280620,0.015893,246.6,336560,0.058985,219.9,365460,0.036103,159.2,541900,0.038805,174.6,705050,-0.019876,142.9,531420,-0.033333,195.6,276770,0.030144
201306,178.3,462800,0.045387,182.5,383910,0.028032,149.3,295860,0.021362,151.2,320780,0.05366,150.8,345360,0.006565,150.3,380400,0.00151,172.4,282230,0.018524,247.7,338130,0.050233,220.2,365810,0.027817,160.5,546500,0.039044,176.1,711420,-0.012328,143,532080,-0.036339,196.6,278260,0.027549
201307,178.6,463420,0.040362,183.3,385560,0.026662,149.4,296130,0.013956,152.1,322670,0.050924,151.3,346530,0.006637,150.5,380700,-0.000751,173.2,283530,0.01994,248.4,339080,0.040644,220.4,366260,0.020247,161.6,550070,0.039499,177.6,717480,-0.003028,143.3,532920,-0.038239,197.1,278960,0.025002
201308,178.8,463960,0.036598,184,387070,0.027548,149.4,296150,0.011729,152.9,324230,0.04793,151.8,347710,0.00768,150.5,380750,-0.000975,173.6,284170,0.022077,247.8,338280,0.029248,221.1,367420,0.017887,162.2,552240,0.040584,179,723160,0.008505,143.3,533230,-0.037,197,278830,0.023242
201309,179,464630,0.035031,184.5,388190,0.029431,149.3,295920,0.012325,153.1,324780,0.043037,152.2,348580,0.008979,150.4,380550,-0.000269,173.7,284250,0.024447,246,335840,0.018342,222,368830,0.019031,162.6,553390,0.042352,180.6,729560,0.023071,143.6,534090,-0.031613,196.6,278240,0.021497
201310,179.5,465930,0.036387,184.7,388560,0.030951,149.1,295490,0.015346,153.6,325680,0.042615,152.4,349100,0.010378,150.2,380030,0.000299,173.6,284200,0.027744,243.9,332910,0.009365,222.8,370210,0.0232,163,554990,0.046857,182.3,736330,0.039839,143.7,534600,-0.023559,196.1,277520,0.019531
201311,180.4,468100,0.038036,184.6,388460,0.030488,148.9,295080,0.017792,153.8,326230,0.042222,152.4,349120,0.01069,150,379620,0.000736,173.4,283860,0.02727,241.5,329640,-0.000585,223.4,371190,0.025264,163.8,557730,0.05322,183.9,742750,0.055274,144.1,535930,-0.013235,195.7,276970,0.017537
201312,181.6,471330,0.04162,184.6,388380,0.029174,148.8,294860,0.018773,154,326710,0.041727,152.2,348730,0.009285,149.9,379290,0.001995,173.5,284010,0.027989,239.2,326510,-0.012624,223.9,371980,0.024714,164.7,560640,0.059738,185.4,748780,0.068334,144.2,536490,-0.005013,195.7,276970,0.017149
201401,183,474870,0.045702,185,389180,0.029527,148.9,295210,0.016829,154.4,327420,0.040716,152.1,348470,0.008776,149.8,378990,0.002763,173.4,283770,0.025218,237.8,324610,-0.021562,224.3,372670,0.020721,165.3,562790,0.063733,187,755340,0.079831,144.4,537140,0.001176,196.5,278040,0.018499
201402,184.3,478390,0.0501,185.6,390420,0.030928,148.9,295110,0.010846,155.4,329590,0.045321,152,348240,0.009611,149.7,378880,0.003332,173.4,283890,0.023641,237.4,324110,-0.026358,224.7,373410,0.019529,165.8,564300,0.065015,188.8,762770,0.093957,144.6,538050,0.00964,197.6,279640,0.021548
201403,185.8,482210,0.053503,186.4,392170,0.032371,149,295250,0.005676,157.1,333190,0.053862,152,348250,0.011969,149.6,378560,0.001839,173.4,283880,0.020937,238.7,325780,-0.025137,225.1,374090,0.021483,166.5,566760,0.063808,190.2,768380,0.102195,145.4,540790,0.019316,199.2,281830,0.027282
201404,187.5,486490,0.057401,187.4,394390,0.034974,149.2,295740,0.004488,158.7,336640,0.061784,152.1,348430,0.013394,149.7,378830,0.000176,173.7,284320,0.018929,240.7,328510,-0.019636,225.5,374720,0.025202,167.8,571100,0.063236,190.9,771270,0.102538,146,543130,0.024856,200.9,284280,0.032339
201405,189,490620,0.062822,188.7,397080,0.038255,149.6,296580,0.005223,160.7,340820,0.06914,152.3,348850,0.013419,149.9,379190,-0.001324,174.1,284980,0.015518,243.3,332120,-0.013195,226,375490,0.027461,169.4,576580,0.064,191.5,773570,0.097188,146.5,545080,0.025702,202.3,286230,0.034153
201406,190.4,494190,0.067824,190.1,399910,0.041671,150.3,297890,0.006844,162.6,344880,0.075143,152.6,349600,0.01229,150.2,379920,-0.001256,174.6,285830,0.012754,245.9,335610,-0.007466,226.7,376690,0.029738,170.9,581770,0.064534,192,775410,0.089951,146.8,545990,0.026138,203.1,287460,0.033067
201407,191.4,496760,0.071953,191.3,402530,0.043999,150.5,298330,0.007425,164.4,348680,0.080602,153.1,350720,0.012106,150.2,380070,-0.001674,175,286410,0.010154,247.7,338140,-0.002754,227.6,378110,0.032341,172.1,585850,0.065047,192.5,777500,0.083663,147,546730,0.025918,203.1,287330,0.030025
201408,192.1,498570,0.0746,192.2,404480,0.044981,150.5,298390,0.007537,165.9,351870,0.085253,153.7,352110,0.012662,150,379580,-0.003058,175.4,287140,0.010442,248.2,338810,0.001542,228.2,379180,0.032007,172.9,588510,0.065679,193.2,780380,0.079131,147,546940,0.025715,202.6,286710,0.028231
201409,192.6,499840,0.075786,193,406120,0.04618,150.2,297780,0.006277,167.1,354310,0.090917,154.4,353600,0.014404,149.7,378800,-0.004598,175.8,287710,0.012177,247.6,337980,0.006375,228.2,379210,0.028127,173.4,590480,0.067019,194,783690,0.074197,146.9,546530,0.023292,201.9,285680,0.02677
201410,193,500790,0.074829,193.5,407200,0.04795,149.9,297220,0.00588,167.8,355880,0.092709,155,354950,0.016774,149.3,377700,-0.006144,176,288130,0.013855,246.5,336420,0.010523,227.9,378610,0.022711,174,592280,0.067199,195,787550,0.069565,146.8,546130,0.02156,201.2,284710,0.025925
201411,193.3,501580,0.071527,193.9,408010,0.050308,149.7,296780,0.00577,168.1,356480,0.092738,155.4,355990,0.019693,148.9,376660,-0.007793,175.9,287950,0.014405,245.7,335360,0.017334,227,377100,0.015916,174.6,594540,0.066002,195.9,791410,0.065514,146.7,545620,0.018081,200.7,284050,0.025565
201412,193.4,501820,0.064697,194.1,408380,0.051504,149.9,297130,0.007703,168.3,356930,0.092524,155.6,356440,0.022102,148.5,375840,-0.009097,175.7,287650,0.012836,245.5,335110,0.026341,226.5,376390,0.011864,175.5,597350,0.065488,197.2,796470,0.063691,146.9,546410,0.018487,200.3,283420,0.023283
201501,193.2,501470,0.056021,194.2,408680,0.050082,150.2,297670,0.008345,168.5,357430,0.091644,155.6,356330,0.02257,148.3,375310,-0.009704,175.5,287220,0.012154,245.6,335210,0.032632,226.6,376520,0.010333,176.5,600710,0.067367,198.5,801900,0.061645,147,546990,0.018334,200,283070,0.018098
201502,192.7,500230,0.045653,194.3,408900,0.047331,150.5,298380,0.011061,168.9,358180,0.086745,155.1,355380,0.020485,148.2,374960,-0.010342,175,286480,0.009142,245.2,334690,0.032636,227.1,377270,0.010345,177.7,605060,0.072231,200.2,808590,0.060065,147.4,548280,0.019014,200,282950,0.011834
201503,192,498380,0.033544,194.2,408600,0.041888,150.6,298600,0.011359,169.6,359710,0.079617,154.8,354550,0.018103,148.2,374910,-0.009662,174.8,286070,0.007743,244.2,333410,0.023408,227.4,377900,0.010176,179.5,610970,0.078002,202.3,817240,0.063593,147.8,549850,0.016757,200.1,283130,0.004611
201504,191.3,496450,0.02047,194.3,408780,0.036489,151.3,299950,0.014234,170.9,362570,0.076999,154.5,353950,0.015827,148.5,375700,-0.008257,174.7,285930,0.005654,243.1,331900,0.010317,227.6,378100,0.009035,181.8,618850,0.083618,205,827900,0.073428,148.5,552340,0.016956,200.9,284330,0.000188
201505,190.7,494810,0.008545,194.6,409510,0.031314,152.2,301700,0.017253,172.5,365950,0.073756,154.6,354060,0.014942,149.1,377210,-0.005212,175,286450,0.005175,243.4,332280,0.00048,227.3,377730,0.005952,184.3,627530,0.088369,207.9,839770,0.085583,149.4,555760,0.019588,202.3,286270,0.000161
201506,190.4,494240,0.000108,195.2,410600,0.02674,153.6,304490,0.022155,174.2,369530,0.071471,154.8,354570,0.014226,149.7,378750,-0.003082,175.4,287120,0.004512,244.2,333400,-0.006572,227,377240,0.001471,186.7,635500,0.092349,211.1,852530,0.099457,150.4,559370,0.024495,203.6,288170,0.002457
201507,190.5,494500,-0.004552,195.6,411450,0.02217,154.5,306210,0.026419,175.9,373040,0.069857,155.2,355570,0.013824,150.1,379830,-0.000627,175.9,287940,0.005344,244.7,334090,-0.012003,226.5,376330,-0.00472,188.6,641970,0.09578,214.1,864920,0.112438,151.4,563180,0.03009,204.3,289150,0.006315
201508,190.8,495170,-0.006812,195.6,411490,0.017321,154.8,306760,0.028072,177.5,376410,0.069741,155.8,356860,0.013476,150.3,380270,0.001794,176.5,288930,0.006259,244.7,334000,-0.014178,225.8,375180,-0.010548,189.9,646540,0.098604,217.1,876810,0.123565,152.3,566480,0.035723,204.2,289010,0.008049
201509,190.8,495070,-0.009537,195.1,410490,0.010763,153.9,305000,0.024243,178.8,379250,0.070388,156.4,358180,0.012956,150.2,380000,0.003167,177.2,289980,0.007897,244.1,333230,-0.014055,225.1,374100,-0.013482,190.9,649890,0.100619,220.1,889120,0.134528,153.4,570510,0.043873,203.6,288130,0.008553
201510,190.4,494150,-0.013266,194.3,408810,0.003973,152.4,302120,0.016459,180,381730,0.072648,157,359580,0.013043,150.2,379970,0.006017,177.5,290570,0.008455,243.1,331820,-0.013644,224.8,373450,-0.013651,191.9,653140,0.102747,223.7,903440,0.147148,154.6,575310,0.053435,202.9,287110,0.008405
201511,189.6,492070,-0.018952,193.6,407270,-0.001818,150.9,299200,0.008139,180.7,383320,0.075284,157.5,360790,0.013473,150.3,380260,0.009575,177.6,290620,0.009273,241.7,329870,-0.016346,225.1,373960,-0.008321,193,657010,0.105073,228.1,921420,0.164284,156.2,580990,0.06483,202.2,286080,0.00716
201512,188.8,489940,-0.023689,193.1,406290,-0.005116,150.5,298250,0.003782,181.2,384310,0.07671,157.9,361630,0.014578,150.6,381080,0.013924,177.4,290380,0.009465,240.3,327980,-0.021288,225.3,374430,-0.005218,194.3,661410,0.107241,233.2,942020,0.182745,157.6,586190,0.072804,201.6,285340,0.006801
201601,188,487910,-0.027052,192.8,405730,-0.007203,150.6,298570,0.003032,181.7,385410,0.078283,158.1,362050,0.016029,151,382180,0.018294,177.4,290380,0.011003,239,326250,-0.02671,225.5,374710,-0.004793,195.7,666370,0.1093,239.4,966810,0.205638,159.2,592190,0.082624,201.4,284970,0.006711
201602,187.1,485460,-0.02952,192.4,404860,-0.009869,151.1,299540,0.003888,183.1,388250,0.083961,158.1,362160,0.019095,151.9,384260,0.024807,177.4,290350,0.013519,238.4,325450,-0.027593,225.5,374670,-0.006887,198,673990,0.113922,246.4,995140,0.230709,161.2,599710,0.093798,201.7,285490,0.008978
201603,186.2,483130,-0.030616,192,403990,-0.011264,151.4,300140,0.005151,185.7,393860,0.094931,158.4,362810,0.023289,152.8,386640,0.031301,177.5,290450,0.015287,238.8,325990,-0.022255,225.4,374580,-0.008775,201.2,684930,0.121057,254.3,1027210,0.256916,163.6,608680,0.106977,202.9,287060,0.01386
201604,185.6,481650,-0.029807,191.9,403700,-0.01244,151.7,300610,0.00221,189.4,401800,0.1082,158.9,364010,0.028415,154.1,389880,0.037725,178,291360,0.019003,240.2,327820,-0.012298,225.2,374250,-0.01019,205.2,698700,0.129017,261.2,1055040,0.27435,166.7,620320,0.123074,204.4,289190,0.01708
201605,185.7,481910,-0.026068,192.1,404090,-0.013248,152.3,301910,0.000705,193.9,411200,0.123632,159.8,366030,0.033802,155.5,393490,0.043148,178.7,292520,0.021186,241.9,330170,-0.006352,225.3,374290,-0.00909,209.7,713780,0.137438,266.6,1076800,0.282255,170.4,633730,0.140293,205.9,291310,0.017587
201606,186.2,483230,-0.022293,192.5,404920,-0.013821,153.5,304220,-0.000869,198.7,421340,0.140218,160.9,368460,0.039148,157,397320,0.049036,179.5,293740,0.023054,244,333060,-0.001015,225.3,374310,-0.00778,214.1,728750,0.146737,270,1090390,0.278997,173.9,646820,0.156339,207.3,293280,0.017748
201607,186.9,485130,-0.018943,192.7,405440,-0.014618,154.7,306700,0.001602,203.1,430780,0.154797,162.1,371290,0.044201,158.4,400710,0.054967,180,294600,0.023124,245.9,335610,0.004562,225.4,374530,-0.004773,218.2,742790,0.15705,270.8,1093720,0.264533,177.1,659020,0.170167,208.4,294880,0.019821
201608,187.5,486520,-0.017463,192.9,405840,-0.01373,155.7,308570,0.00588,206.7,438450,0.164804,163.2,373900,0.04775,159.4,403350,0.060718,180.3,295080,0.021266,246.7,336770,0.008293,225.4,374540,-0.001709,221.7,754660,0.167219,269,1086690,0.239363,179.9,669360,0.181617,209,295750,0.023314
201609,187.8,487260,-0.015777,192.8,405650,-0.011774,156.1,309360,0.014322,209.5,444420,0.17184,164.3,376390,0.050842,160,404800,0.065247,180.6,295580,0.0193,246.3,336210,0.008936,225.1,374090,-0.000013,224.8,765420,0.177761,265.5,1072510,0.206266,182.3,678360,0.18903,209.5,296480,0.029003
201610,187.9,487710,-0.013035,192.8,405580,-0.007909,156.1,309430,0.024205,211.9,449520,0.177587,165.1,378230,0.051878,160.2,405220,0.066458,180.6,295520,0.017032,244.7,334080,0.006786,224.9,373680,0.00063,228.1,776480,0.188845,261.5,1056170,0.169059,183.9,684270,0.189397,209.7,296710,0.033454
201611,188,487950,-0.008378,192.6,405330,-0.00475,155.9,308980,0.032682,214.5,454870,0.186681,165.7,379610,0.052179,160,404930,0.064867,180,294600,0.013677,243.1,331880,0.006088,224.4,372900,-0.002853,231.5,788280,0.199802,258.2,1043080,0.132037,185.7,690880,0.189145,209.8,296930,0.037921
201612,188.3,488710,-0.002506,192.5,404960,-0.003279,155.5,308310,0.033727,217.1,460550,0.198368,166,380350,0.051756,159.9,404620,0.061775,179.4,293670,0.011337,241.7,329970,0.006069,223.9,371970,-0.006582,235.2,800790,0.210725,255.8,1033160,0.096757,187.6,697810,0.190404,209.5,296400,0.038742
201701,188.8,490010,0.004307,192.2,404380,-0.003325,155.4,308070,0.031812,220.5,467580,0.213213,166.2,380740,0.051621,159.8,404380,0.058083,178.6,292290,0.006574,241.1,329110,0.008765,223.4,371130,-0.009569,238.9,813240,0.220415,254.1,1026360,0.061601,189.4,704680,0.189963,209.2,296030,0.038799
201702,189.8,492640,0.014791,191.8,403650,-0.003001,155.9,308920,0.031333,224.8,476710,0.227822,166.4,381090,0.052266,160,404740,0.053285,177.8,291000,0.00221,240.8,328710,0.010016,222.8,370140,-0.012111,243.4,828540,0.2293,254,1026060,0.03107,191.4,711950,0.187154,209.2,296070,0.037079
201703,190.8,495150,0.024895,191.9,403780,-0.000532,157.1,311410,0.037545,230.4,488570,0.240467,166.5,381480,0.051449,160.5,406040,0.05017,177.5,290520,0.000242,240.8,328640,0.008134,222.4,369540,-0.013446,249.3,848760,0.239188,256.3,1035210,0.007787,193.6,720050,0.182982,210.2,297490,0.036352
201704,191.7,497630,0.033173,192.4,404840,0.00282,159,315090,0.048157,236.3,501220,0.247449,167,382610,0.051108,161.3,408130,0.046809,177.6,290750,-0.002099,240.5,328270,0.001366,222,368810,-0.014541,255.9,871260,0.246983,259.9,1049970,-0.004804,196.1,729420,0.175892,212.2,300250,0.038263
201705,192.8,500480,0.038539,192.9,405910,0.004499,160.8,318710,0.055629,241.7,512660,0.246739,167.8,384320,0.049976,162.5,411210,0.045025,178,291310,-0.004164,240.3,328080,-0.006345,221.8,368550,-0.01535,261,888390,0.244629,264.9,1069940,-0.006374,198.5,738300,0.165004,214.2,303070,0.04039
201706,193.8,502940,0.040803,193.3,406740,0.004479,162,321080,0.055419,245.7,521110,0.236783,168.8,386740,0.049635,163.5,413720,0.041281,178.2,291630,-0.007178,240.1,327750,-0.015946,221.7,368430,-0.015703,263.1,895750,0.229159,269.8,1089570,-0.000752,200.7,746730,0.154471,215.7,305300,0.040963
201707,194.4,504580,0.040079,193.6,407330,0.004673,162.4,321890,0.049534,247.7,525430,0.219705,169.9,389230,0.048336,164.3,415690,0.037394,178.3,291870,-0.009256,240.1,327690,-0.02361,221.8,368530,-0.016024,262.4,893180,0.202469,273.7,1105500,0.010769,202.6,753560,0.143457,216.3,306060,0.037917
201708,194.4,504530,0.037016,193.7,407600,0.004342,162.4,321880,0.043144,247.5,524960,0.197318,171,391690,0.047578,164.7,416640,0.032933,178.7,292480,-0.008813,240,327680,-0.027008,221.8,368510,-0.01608,259.4,883100,0.170197,276.1,1115050,0.026103,203.9,758630,0.133366,216.1,305860,0.034172
201709,194.2,504030,0.034421,193.5,407040,0.003425,162,321080,0.037874,245.5,520720,0.171682,171.9,393740,0.046097,164.9,417160,0.030544,179,292960,-0.008859,240.6,328430,-0.023138,221.7,368350,-0.015335,255.7,870500,0.137296,277.5,1120870,0.045087,204.5,760810,0.121544,215.8,305340,0.029857
201710,193.9,503340,0.032063,192.9,405870,0.000722,161.2,319590,0.032835,242.8,514910,0.145461,172.8,395710,0.046215,164.9,417320,0.029839,179,292990,-0.00857,240.7,328520,-0.016633,221.5,367990,-0.015224,252.4,859220,0.106559,278.7,1125650,0.065776,204.7,761390,0.112704,215.2,304580,0.026508
201711,193.7,502760,0.030342,192.4,404770,-0.001386,160.2,317590,0.027891,240.6,510210,0.121651,173.6,397570,0.047316,165.1,417830,0.031845,178.5,292140,-0.008345,240.1,327710,-0.012567,220.6,366610,-0.016864,250.2,851720,0.080475,279.6,1129410,0.08276,204.6,761180,0.101756,214.2,303050,0.020611
201712,193.3,501680,0.026546,192.2,404450,-0.001246,159.6,316440,0.026371,239,506810,0.100454,174.1,398860,0.048659,165.7,419220,0.03609,178.3,291880,-0.006092,239,326200,-0.011406,220.2,365940,-0.016202,248.6,846410,0.056972,280,1131100,0.094794,205.1,763090,0.09355,212.9,301280,0.016462
201801,192.8,500410,0.021238,192.2,404430,0.000111,159.7,316610,0.027732,239.1,507210,0.084747,174.2,399040,0.048071,166.5,421190,0.041569,178.4,292040,-0.00084,238.6,325740,-0.010243,220.1,365800,-0.014356,247.7,843250,0.036898,280.5,1132890,0.103793,206.3,767440,0.089071,212,299990,0.013382
201802,192.9,500600,0.016152,192.4,404710,0.002626,160.1,317260,0.026996,240.5,510040,0.069925,174,398500,0.045675,167.5,423730,0.046924,178.6,292320,0.00454,238.9,326170,-0.00773,220.6,366600,-0.009546,247.1,841350,0.015457,281,1135110,0.106281,208.1,774250,0.087515,212.2,300340,0.014417
201803,193.8,502920,0.015691,192.5,405060,0.003183,160.5,318050,0.021347,243.2,515880,0.055884,174.1,398770,0.045316,168.3,425880,0.048855,178.5,292160,0.005658,239.6,327060,-0.004804,220.8,366950,-0.007008,247.4,842400,-0.007494,281.3,1136250,0.097607,210.3,782400,0.086592,213.3,301810,0.014501
201804,194.9,505740,0.016286,192.7,405540,0.001744,160.7,318510,0.010854,245.9,521590,0.040645,174.7,400210,0.045993,169.2,428140,0.049034,178.7,292420,0.005757,239.9,327460,-0.002458,220.9,367090,-0.004648,248.3,845190,-0.029923,281.1,1135520,0.081477,212.5,790510,0.083741,214.7,303880,0.012076
201805,195.3,506940,0.012897,192.9,405890,-0.000051,161.7,320480,0.005551,248.8,527590,0.029135,175.8,402580,0.047505,170.2,430640,0.047265,179.2,293330,0.00696,240.3,328020,-0.000159,220.8,366830,-0.004667,249.3,848830,-0.044529,281,1135090,0.060889,214.5,797980,0.08084,216.5,306390,0.010926
201806,195.3,506750,0.007577,193,406160,-0.001419,162.9,322960,0.005851,251.3,533090,0.022983,177,405470,0.048424,171.2,433280,0.047271,180.1,294710,0.010534,240.5,328350,0.001814,220.7,366780,-0.004473,250.1,851520,-0.049373,280.9,1134410,0.041155,216.1,804090,0.07681,218.1,308560,0.010682
201807,194.7,505360,0.001557,193.1,406280,-0.002597,163.8,324680,0.008672,252.9,536440,0.020953,178.3,408340,0.049072,172,435200,0.046948,180.9,296110,0.014518,239.8,327280,-0.001253,220,365550,-0.008067,250.5,852700,-0.045316,280,1130800,0.022887,216.9,806970,0.070877,219,309830,0.012313
201808,194.2,503940,-0.001171,192.8,405610,-0.004889,163.7,324490,0.008108,253.6,537820,0.024488,179.4,410940,0.049161,172.4,436300,0.047189,181.7,297330,0.016578,237.9,324730,-0.009,219.5,364660,-0.010459,250.1,851480,-0.035797,277.7,1121560,0.005833,216.7,806200,0.062696,218.9,309700,0.012553
201809,193.5,502200,-0.003625,192,404060,-0.007332,163,323090,0.006264,253.1,536800,0.030867,180.5,413420,0.049972,172.4,436160,0.045546,182.3,298370,0.018449,235.7,321780,-0.020248,218.8,363550,-0.013056,249.3,848680,-0.025066,274.5,1108650,-0.010904,215.8,802650,0.054999,218,308500,0.010347
201810,192.7,500150,-0.006341,191.1,402010,-0.009528,162.3,321790,0.006892,251.9,534170,0.037419,181.5,415810,0.050773,172.4,436190,0.045222,182.7,298970,0.020432,234.4,319970,-0.026014,218.6,363220,-0.012965,248.6,846240,-0.01511,271.3,1095910,-0.026416,214.6,798370,0.04857,217,307080,0.008217
201811,192,498340,-0.008776,190.1,400030,-0.011699,162.3,321660,0.012799,250.1,530450,0.039668,182.6,418200,0.051891,172.5,436410,0.044476,182.7,299050,0.023664,233.5,318710,-0.027465,218.7,363450,-0.008606,248.4,845600,-0.007183,268.8,1085730,-0.038671,213.7,795060,0.044503,216.1,305860,0.009268
201812,191.2,496290,-0.010745,189.1,397910,-0.016187,162.6,322290,0.018501,248.7,527550,0.040916,183.5,420350,0.053883,172.8,437300,0.043121,182.6,298930,0.024156,233.4,318590,-0.023339,218.8,363560,-0.006507,248.6,846250,-0.000189,266.6,1077030,-0.047806,212.6,790780,0.036285,215.6,305050,0.012511
201901,190.6,494770,-0.01128,188.2,396080,-0.020647,163.1,323210,0.020839,247.9,525820,0.036701,184.2,422020,0.0576,173.5,439070,0.04246,182.4,298510,0.022164,233,318000,-0.023773,218.2,362570,-0.008832,248.9,847230,0.004717,264.1,1066670,-0.058459,211.1,785450,0.023467,215.3,304710,0.015738
201902,190,493060,-0.015066,187.3,394170,-0.026033,163.5,323990,0.021221,247.9,525830,0.030962,184.7,423080,0.061685,174.7,442110,0.043376,182.1,298060,0.01964,232.7,317660,-0.026083,216.5,359810,-0.018539,249.3,848770,0.008826,261.3,1055280,-0.070324,210.1,781630,0.009532,215.5,304930,0.015291
201903,189.4,491490,-0.022736,186.6,392610,-0.030741,163.5,324110,0.019035,248.5,527010,0.02158,185.3,424440,0.064374,176.2,445910,0.047033,181.9,297710,0.01899,232.3,317040,-0.030643,214.6,356520,-0.02843,250.2,851840,0.01121,259.1,1046410,-0.079065,209.5,779440,-0.003782,215.9,305560,0.012425
201904,189,490540,-0.030038,185.9,391220,-0.035311,163.9,324860,0.019945,250,530330,0.016747,186,426160,0.064857,177.5,449200,0.049191,182,297900,0.018735,231.4,315920,-0.035244,213.4,354530,-0.034226,251.4,855780,0.012531,257.6,1040510,-0.08367,209.5,779440,-0.014,216.6,306560,0.008826
201905,189.1,490740,-0.03196,185.8,391000,-0.036689,163.7,324540,0.012671,251.7,533800,0.011763,186.8,427840,0.06275,178.7,452130,0.049903,182.1,298070,0.016138,231.3,315680,-0.037632,213.2,354210,-0.034413,252.7,860220,0.01342,257.1,1038660,-0.084954,209.7,780260,-0.022211,217.7,308100,0.005585
201906,189.5,491920,-0.02928,186.1,391500,-0.036107,163.5,324010,0.00324,253.2,536930,0.007202,187.4,429150,0.058404,179.5,454270,0.048452,182.2,298210,0.011898,231.6,316110,-0.037269,213.4,354510,-0.033447,253.9,864350,0.015066,256.9,1037690,-0.085259,210.2,781960,-0.027512,218.7,309540,0.003172
,,,,,,,,,,,,,,,,,,,,,,,,,,,,,,,,,,,,,,,
,,,,,,,,,,,,,,,,,,,,,,,,,,,,,,,,,,,,,,,
Disclaimer,,,,,,,,,,,,,,,,,,,,,,,,,,,,,,,,,,,,,,,
,,,,,,,,,,,,,,,,,,,,,,,,,,,,,,,,,,,,,,,
All rights reserved. Any reproduction or distribution with respect to the content of the Brookfield RPS House Price Index is prohibited.,,,,,,,,,,,,,,,,,,,,,,,,,,,,,,,,,,,,,,,
"The information provided herein is for informational purposes on matters of general interest, and is not intended to provide the basis",,,,,,,,,,,,,,,,,,,,,,,,,,,,,,,,,,,,,,,
"for investment, financial, real estate, tax or other professional advice or services. The information is derived from sources believed",,,,,,,,,,,,,,,,,,,,,,,,,,,,,,,,,,,,,,,
"reliable; however, no warranties or representations are being made with respect to the information, and Brookfield Real Property Solutions Inc.,",,,,,,,,,,,,,,,,,,,,,,,,,,,,,,,,,,,,,,,
"along with its parent companies, subsidiaries and affiliates, disclaims all liability with respect to the accuracy of the information.",,,,,,,,,,,,,,,,,,,,,,,,,,,,,,,,,,,,,,,
The information is not a substitute for the advice of a qualified professional.,,,,,,,,,,,,,,,,,,,,,,,,,,,,,,,,,,,,,,,